name,category,description,prep_time,cook_time,serves,ingredients,instructions,energy_kj,fat_g,carbohydrates_g,protein_g,fibre_g,vitamin_a_mcg,iron_mg,zinc_mg,ingredients_2,instructions_2
"Kaimati
(Fried Dumplings)",common snacks,"""Kaimatis get their unique flavour from the style with which yeast is applied on wheat flour. This traditional breakfast dish or day snack is common among the Swahili and Bajuni communities and was inherited from Arab culture. It serves the whole family.""",20,30,4,"2 cups (280 g) wheat flour, refined;2 cups (447 g) water;� tsp. (3 g) vanilla essence, clear;� tsp. (1 g) cardamoms powder;1� tbsp. (12 g) yeast, dry;5 1/8 cups (1000 g) cooking oil;4 tbsp. (56 g) sugar","Put yeast in a small container.; Add 50ml of warmed water.; Add 4 tbsp. of sugar and allow to stand for 3 minutes.; Meanwhile, warm the rest of the water in a cooking pot.; Mix dry ingredients together; flour, cardamoms and vanilla essence in a bowl.; Add � cup (50 g) of oil into the mixture and rub in until finely absorbed.; Add the yeast preparation to the flour mixture, adding the lukewarm water gradually while mixing to a semi-solid consistency.; Cover with a dry towel/ cloth and allow to stand for 4 minutes until the dough rises.; In a pan put the rest of the oil and heat for 7 minutes or until the oil bubbles when a pinch of dough is dropped in the oil.; Shape the dough into round balls and put into the hot oil, keep turning to cook evenly.; Deep fry for 3-4 minutes.; Remove from oil.",1795,21.8,52.8,4.6,1.6,30,2.1,0.45,"1 cup (187 g) white sugar; � cup (116g) water; � tsp. (4 g) vanilla essence, clear","<sugar syrup>: Mix the sugar, water and vanilla essence in a cooking pan.; Put on the heat for 5 minutes.; Stir to prevent sugar from sticking on the sides of the pan; the mixture should be sticky.; Add the fried dumplings to the sugar syrup and stir to coat them in the syrup while still on the heat.; Swirl until the syrup covers all the dumplings.; Serve as desired."
"Mahamri
(Swahili Doughnuts)",common snacks,"""This is a typical traditional recipe among the Swahilis. A true delicacy enjoyed by the entire family, serves as a breakfast meal as well as a whole day snack. Mahamri has a unique taste influenced by the freshly squeezed coconut milk.""""""",60,5,4,"3 � cups (525 g) wheat flour, refined; � cup (181 g) coconut milk; 9 tbsp. (123 g) white sugar; 1� tbsp. (12 g) dry yeast; 1 tsp. (2 g) cardamom; � cups (182 g) water; 8 1/8 cups (1735 g) cooking oil","Break the coconut shell, drain the water and grate the flesh.; Squeeze the coconut milk from the grated coconut flesh using a cloth.; Set aside the thick coconut milk.; Add � cup of warm water to squeeze out any remaining milk.; In a bowl, mix a pinch of sugar with the yeast and add the � cup of water used to squeeze the last batch of coconut milk. Stir and set aside for 5 minutes for the yeast to rise.; In a separate bowl, mix the dry ingredients; sugar, flour and cardamoms.; Add the yeast mixture to the dry ingredients.; Add 4 tablespoons of oil and the thick coconut milk into the yeast and dry ingredients mixture.; Knead the dough as you add the remaining water to a firm feel.; Set the dough aside for 10 minutes for sugar to dissolve.
Cover with a cloth.; Knead the dough again to mix the sugar and to improve the
Texture.; Cover with a dry cloth and allow to stand for 30 minutes.; Divide the dough into small-medium size balls. Set them
aside and cover with a dry cloth for 15 minutes.; When well raised, roll out each ball into flat discs and cut
each into four triangle shaped portions.; Heat the remaining  oil for 15 minutes to 173�C.; Fry the mahamri and turn after 40 seconds. The mahamri will
turn golden brown when ready.; Remove the first batch of mahamri from oil and place onto
paper towels to drain the oil.; Continue frying the rest in batches until all are done.; Serve as desired.  ",1728,22.1,46.6,6.0,2.1,41,2.8,0.56,,
"Enriched Mandazi
(East African Doughnuts, Enriched)",common snacks,"A popular snack among urban dwellers across the country, enriched mandazi is a doughnut made with
eggs plus fresh milk and conditioned with margarine; it is a favourite breakfast item for the entire family.",45,30,4,"7 cups (1063 g) self-raising wheat flour; 3 eggs (179 g); 9 tbsp. (118 g) margarine; Rind from 2 lemons (15 g); � cup (144 g) sugar; � tsp. (2 g) salt, iodized; 7 cups (1039 g) cooking fat; 11/3 cups (289 g) cow milk; 1� cups (282 g) water","Put flour, salt, sugar and lemon rind into a bowl and
Mix.; Mix all the water with the milk and warm.; Add margarine into the dry ingredients and rub in.; Add eggs onto the dry ingredients and mix.; Add the warm diluted milk into the bowl and knead the mixture into a soft dough.; Cover the dough with a dump cloth for 40 minutes.;  Heat all the cooking fat in a pot for 10 minutes or until the oil bubbles when a pinch of dough is dropped in
the oil.; Roll out the dough into the desired thickness; about a
� of an inch thick.; Cut the dough into preferred shapes.;Gently drop the cut-out pieces into the hot oil.;Fry one side until golden brown and turn.;Remove from oil and place onto paper towels to drain
any excess oil.;Repeat the process with the rest of the pieces.;Serve as desired.",1590,16.1,49.9,7.6,2.2,90,3.3,0.66,,
"Maize Porridge
(Uji wa Mahindi)",porridges,"Whole maize flour has been used for many years by many communities in Kenya to prepare porridge.
Enriched with milk, it also serves as an infant dish. ",5,25,4,"1 �� cups (236 g) whole maize flour,
white; 7 cups (1513 g) water;1�� cups (330 g) cow milk","Put 5 cups of the water into the cooking pot, cover and
heat until it boils.;Meanwhile mix the maize flour with 2 cups cold water
separately. Use cold water to avoid forming lumps.;Stir until smooth.;Add the mixture into boiling water while stirring and
continue stirring to avoid forming lumps.;Allow to cook for 3 minutes.;Add milk and cook for a further 7 minutes.;Serve hot;",221,1.1,8.5,1.5,1.1,7,0.3,0.33,,
"Sorghum, Finger Millet and Maize Porridge",porridges,"This recipe is made from a mixture of 3 grains ground together into flour. It is rich in nutrients and is enriched with milk. Popular among many households in Kenya as a family dish, the porridge, serves infants/
children.",5,30,4,"8 tbsp. (83 g) sorghum flour, whole;6 �� tbsp. (68 g) finger millet flour,
whole;8 �� tbsp. (82 g) maize flour, whole,
white;1 2/3 cups (366 g) cow milk;7 �� cups (1833 g) water","Mix the whole maize flour, sorghum flour and finger millet into a bowl.;Add 2 cups of cold water into the flour mixture, stir
until smooth using a wooden cooking stick;Bring 5 cups of water to boil in a cooking pot.;After the water has boiled, add the mixture as you
stir. Keep stirring to avoid forming lumps.;Add milk after 10 minutes of cooking.;Keep stirring until cooked. If the porridge is too thick
add a little water (�� cup) or until desired consistency
is achieved.;Serve hot.",174,0.9,6.3,1.3,1.3,7,0.5,0.27,,
Cassava Porridge (Uji wa Muhogo),porridges,"The ancient cassava has been a traditional staple in most Kenyan communities, particularly Western and Coastal regions. Dried and ground into fine flour, cassava makes refreshing porridge for the entire family.",2,20,6,10 tbsp. (100 g) cassava flour;2 tbsp. (22 g) sugar;8 ½ cups (1840 g) water,"Boil 6 cups of water in a pot for 6 minutes.;In a separate bowl, add 2 ½ cups of water to the cassava flour and mix to a medium paste.;Add the paste to the boiling water and stir continuously until the mixture boils to prevent lumps.;Continue boiling for 13 minutes and add sugar.;Stir, remove and serve the porridge.",121,0.0,6.8,0.1,0.3,0,0.1,0.05,,
Pilau (Spiced Rice),rice dishes,"Pilau is the king of traditional rice cuisine among the Swahili community. Culturally, it is a must cook dish
on Friday particularly during lunch. It is enjoyed by the entire family and often served with tomatoes, onions
and chillies salad commonly known as (��kachumbari�� or salsa) and accompanied with a ripe banana.
This tastefully spiced dish is characterized by whole potatoes and meat chunks as key ingredients.",20,60,4,"3 1/3 cups (595 g) raw white rice;�� kg beef;10 seeds (1 g) cardamom, whole;5 sticks (3 g) cinnamon, whole;5 seeds (1 g) black pepper, whole;5 seeds (1 g) cloves, whole;6 tsp. (30 g) salt, iodized;2 tbsp. (11 g) cumin;4 potatoes, unpeeled, raw (840 g);3 onions, red skinned, unpeeled, raw (387 g);5 cloves (17 g) garlic, whole;1 root (23 g) ginger;�� green capsicum (115 g);62 g coriander, fresh;8 �� cups (1788 g) water;1 �� cups (293 g) cooking oil","Cut meat into medium size chunks.;Boil the meat in a large cooking pot with all the
water for 30 minutes, drain the water and set
both meat and water aside.;Prepare and chop onions and potatoes, grate
capsicum, pound coriander, crush garlic and
ginger.;Place each prepared ingredient in small separate
bowls.;Place each prepared ingredient in small separate
bowls.;Toast cardamom, cinnamon, cloves and black
pepper together until they produce an aroma.
Grind them.;Put oil into the pan used to boil the meat.;Add onions into the hot oil and cook for 5 minutes
until they brown (a golden-brown colour).;Add ginger and garlic. Stir.;Add all browned spices; cumin, black pepper,
cloves, cinnamon, cardamom after 3 minutes.;Add capsicum, coriander and potatoes after 1
minute and stir. Meanwhile, wash the rice.;Add rice and salt after 3 minutes and stir in to
properly mix the ingredients.;Add water drained from boiling the meat, stir the
rice and bring the mixture to boil for 25 minutes.;Add the cooked meat to the boiling mixture.
Cook for 30 minutes and serve.",895,9.4,24.8,6.9,1.1,5,1.3,1.24,,
Mseto wa Maharagwe (Rice with Beans),rice dishes,"��Mseto wa Maharagwe�� is the Swahili name for rice that is made with beans in one pot. It is a common
recipe among many communities in Kenya. Mainly prepared as a main meal during lunch time, it is eaten
by the whole family. Sometimes, this dish is eaten for supper.",165,225,6,"3 cups (505 g) kidney beans, raw;21 �� cups (4600 g) water;4 cups (684 g) raw white rice, long grain;1 large onion, red skinned, raw, unpeeled
(206 g);2 tomatoes, red, ripe, raw (226 g);1 �� cups (238 g) cooking oil;2 tbsp. (27 g) salt","Soak the beans in 13 �� cups of water for 2 hours
35 minutes.;Boil the soaked beans for 3 hours.;Peel, wash and cut onions and tomatoes separately.;Fry the onions in cooking oil until golden-brown,
add the tomatoes until they have cooked down to
a paste.;Add salt to taste.;Add the previously boiled beans and stir until
evenly mixed and well coated with the tomatoes.;Add 8 cups of water and let it boil.;Wash rice until water runs clear.;Add rice. When it starts boiling, reduce fire and let
it cook on low heat for 20 minutes.;Remove and serve hot.",807,7.9,23.5,5.0,3.8,3,1.3,0.76,,
Mseto wa Ndengu (Rice with Green Grams),rice dishes,"This recipe is named in Swahili ��Mseto wa Ndengu�� meaning a mix of green grams and rice. It is uniquely
prepared using freshly squeezed coconut milk. Very popular in the Kenyan coastal region, it is served to
infants and adults alike as a main meal during lunch or dinner. In other communities, this recipe is prepared
without coconut milk.",15,90,6,"3 �� cups (621 g) raw white rice;1 �� cups (242 g) green grams;�� cup (180 g) coconut milk;1 onion, red skinned, raw, unpeeled (77
g);�� tsp. (3 g) salt, iodized;13 cups (2832 g) water","Boil the green grams in 6 cups of water for 1 hour and
set aside.;Prepare and finely chop the onions.;In a separate cooking pot, add 7 cups of water.;Add chopped onion and salt to the water and bring to a
boil for 10 minutes.;Add the rice to the boiling mixture and cook until the
water starts to dry up.;Add the green grams and reduce heat. Cook for 8 minutes.;Add the coconut milk and stir after 2 minutes.;Leave covered over very low heat to dry for 10 minutes.;Turn off the heat and serve hot.",433,1.3,18.4,3.7,1.5,1,0.8,0.48,,
"Mukimo (Fresh Maize, Potatoes & Pumpkin Leaves)",mashed dishes,"This is a common dish among the Kikuyu, Meru and Embu communities. Often eaten for lunch or dinner, it
can be served with meat stew. This dish is served as a main meal to the whole family.",15,75,4,"6 potatoes, unpeeled, Irish, raw (876g);4 bunches (31 g) pumpkin leaves;2 �� cups (479 g) green maize, white, boiled;2 cups (453 g) water;2 �� tsp. (12 g) salt, iodized","Peel the potatoes and wash.;Wash the pumpkin leaves and chop finely;Put 2 cups of water into a pot. Add the potatoes,
pumpkin leaves and salt.;Cover the pot and boil the mixture for 20 minutes.;Add the boiled maize and cover to cook for 10
minutes.;Remove from fire and mash to serve.",457,1.0,18.5,3.0,6.8,14,1.6,0.93,,
"Mukimo (Maize, Beans, Potatoes & Pumpkin Leaves)",mashed dishes,"This recipe is a family dish common among the Kikuyu, Meru and Embu communities. It is served mainly
for lunch or dinner.",15,60,4,"10 potatoes, unpeeled, Irish, white (1386 g);9 stalks (81 g) pumpkin leaves, raw;7 �� cups (1182 g) white maize and kidney
beans, cooked;4 2/3 cups (999 g) water;2 �� tsp. (13 g) salt, iodized","Peel, wash and cut the potatoes.;Cut the pumpkin leaves.;Meanwhile, measure 7 �� cups of previously
boiled maize and beans mixture (the ratio of
maize to beans is 1:2).;Put all the water into the empty cooking vessel.
Add potatoes and salt.;Boil the potatoes for 20 minutes and add the
cut pumpkin leaves. Cover the pot and cook
for 2 minutes.;Add the cooked maize-bean mixture and cover
to cook for 20 minutes.;Remove from heat and mash the mixture.;Serve while hot.",498,0.7,20.5,5.0,4.8,4,2.0,0.74,,
"Mukimo wa Njahi (Black Beans, Green Bananas & Potatoes)",mashed dishes,"This is a delicacy among the Kikuyu community particularly in Nyeri. Commonly referred to as ��Mukimo
wa Njahi��, this dish was traditionally prepared for lactating mothers and during occasions like dowry ceremonies.
In modern times it remains important as a family dish mainly served during lunch or dinner.",20,240,4,"6 (1.2 kg) potatoes, unpeeled, Irish, raw;6 green bananas, unpeeled, raw (1 kg);2 �� cups (497 g) njahi, dolichos lablab,
raw, dry;25 �� cups (5611 g) water;4 tsp. (20 g) salt, iodized","Boil 2 �� cups of njahi (dolichos lablab) in 21 cups of
water for 3 hours.;Peel and wash the potatoes and green bananas in separate
bowls, chop them.;Put the rest of the water into a separate cooking pot.;Add the chopped potatoes, green bananas and salt.;Boil for 10 minutes.;Add the cooked black beans, cover and cook for 20
minutes.;Remove from fire and mash.",693,0.6,26.5,9.5,7.2,0,3.2,1.06,,
Ashir,maize dishes,"This dish is typical to the Borana s. A delicious meal of huskless maize mixed with milk. The husks are
removed prior to cooking by pounding with a mortar and pestle. The mixture is boiled with added sugar
and salted for a tantalizing taste.",10,135,4,"8 � cups (1536 g) pounded maize, white, de-germed;13/4 cups (414 g) cow milk;6 � tbsp. (88 g) sugar;1 � tsp. (12 g) salt, iodized;29 2/3 cups (6430 g) water","Sort and wash the pounded maize.;Put all the water in the cooking pot and add the pounded maize.;Put it on heat and boil.;Boil for 2 hours, remove from heat and strain excess water.;After draining water put back on the heat, add salt, sugar, milk and stir.;Simmer for 10 minutes and serve.",529,0.9,25.8,2.7,1.2,5,0.2,0.21,,
Githeri (Fresh Beans and Maize),maize dishes,"Stewed fresh maize and beans is commonly known as Githeri. This is a variant of the Githeri dishes that
uses fresh maize and beans. It is popular among communities in agricultural areas such as Eastern, Central
and Western. This recipe is common during the season when maize and beans are green about a month
to harvesting. It is usually served as a main dish in most communities and as a breakfast dish among the
Luhya communities.",120,20,4,"4 green maize cobs with kernels, (2 kgs);2.5 kg bean pods, red;9 � cups (2005 g) water;1 stem (140 g) spring onion, unpeeled;1 � cups (187 g) cooking fat;5 � tsp. (28 g) salt, iodized","Remove fresh beans from pods. Put in a bowl or container.;Remove maize cobs with kernels from the husks.;Remove maize kernels from the cobs by hand.;Mix and wash the maize and beans.;Boil in 9 � cups of water for 2 hours until cooked.;Prepare the onions and chop into a separate bowl.;Stewing:;Heat cooking fat into a pan and add the spring onions.;Cook the spring onions until they soften.;Add the boiled maize-beans mixture. Cover with a pan.;Add salt and continue cooking while stirring periodically;Once ready, remove from fire and serve.",751,7.6,15.1,7.8,10.4,6,1.7,1.21,,
Githeri (Stewed Maize & Beans),maize dishes,"This is yet another variant of githeri. It is mainly prepared using dry maize and beans. It is common among
most communities in Western, Central, Eastern and Rift Valley parts of Kenya. This variant of githeri is one
among the most common staples in Kenya. It is mostly eaten as a main dish during lunch time and dinner
by the entire family. It is well balanced in nutrients and is considered complete on its own.",10,15,4,"11 cups (1730 g) maize and beans, dry, boiled;1 onion, red skinned, raw, unpeeled (132 g);1/3 cup (69 g) cooking oil;3 tsp. (14 g) salt, iodized;13/4 cups (389 g) water","Measure 11 cups of previously boiled maize and beans mixture (the ratio of maize to beans is 1:2).;Prepare, wash and chop the onion.;Pour oil in a cooking pot over fire, add onions and cook for 2 minutes and add salt.;Add the boiled maize-bean mixture.;Stir and add 1 3/4 cups water.;Cover and let the mixture to cook for 10 minutes.;Serve while hot.",661,4.2,19.7,6.7,7.2,0,2.2,1.01,,
Mchuzi wa Maharagwe (Bean Stew),legume dishes,"The ancient bean stew is chief among the legume stews in Kenya. Different varieties of beans are used to
prepare bean stew by different communities depending on availability. Most communities in Kenya utilize
bean stew as an accompaniment to starchy dishes such as Ugali, rice or chapatti. It is commonly eaten for
lunch or dinner.",160,30,4,"2 2/3 cups (462 g) beans, kidney, dry;10 3/4 cups (2333 g) water;1 tomato, red, raw (140 g);1 onion, red, raw (92 g);� cup (40 g) cooking oil;2 � tsp. (13 g) salt, iodized;9 stalks (56 g) coriander;","Boil all the beans in 9 cups of water for 2 hours 30 minutes;Prepare and cut the vegetables (coriander leaves, tomatoes and onions) into small pieces in separate bowls.;In a pot, add � cup of oil and turn on the heat.;Add the onions and cook for 7 minutes in a covered pan on low heat.;After 10 minutes, add the tomatoes and cook while stirring to mix.;Add the coriander leaves and mix then add the beans.;Add 1 3/4 cups of water followed by 1 tbsp. salt and cover the pot for 5 minutes. Stir to mix.;Cover the vessel and cook for 4 minutes.;Serve hot",263,1.4,7.2,3.5,3.7,4,1.0,0.44,,
Mchuzi wa Ndengu Kamande (Lentil Stew),legume dishes,Lentil stew is made from lentil grains which give a characteristic taste to the dish. It is quite aromatic and provides the desired fragrance as an accompaniment to starch dishes such as rice and chapatti. It is usually served during lunch or dinner and is common in most parts of the country.,60,20,6,"2 1/3 cups (466 g) lentils, dry, raw;11 2/3 cups (2541 g) water;2 onions, red skinned, raw, unpeeled (161 g);2 tomatoes, red, raw (258 g);1/3 cup (63 g) cooking oil;3 tsp. (15 g) salt, iodized",<preparation>: Sort and wash all the dry lentils. Put in a cooking pot and boil in 9 cups of water for 1 hour.;Remove from heat and set aside.;Wash and cut tomatoes and onions in separate bowls.,455,3.0,11.1,7.1,4.5,3,2.0,0.93,,<stewing>: Add cooking oil into the vessel and heat for 1 minute.;Add onions and cook for 6 minutes.;Add tomatoes and salt.;Cook for 7 minutes while stirring to mix.;Add the pre-boiled lentils and mix.;Add 2 2/3 cups of water.;Cover the vessel and cook for 6 minutes.;Remove from heat and serve.
Mchuzi wa Ndengu (Green Gram Stew),legume dishes,"Green gram stew is one of the most common legume stews in Kenya. Eaten across the country, it serves
as an accompaniment to starches such as Ugali, rice or chapatti. Sometimes green grams (or Ndengu
as they are commonly known) are used as a key ingredient in making rice dishes as well as mashed with
infant dishes.",60,30,4,"2 � cups (544 g) green gram, dry, raw;10 3/4 cups (2337 g) water;1 onion, red skinned, raw, unpeeled (118 g);2 tomatoes, red, raw (155 g);7 tbsp. (84 g) cooking oil;2 � tsp. (13 g) salt, iodized","Sort and wash all the green grams.;Add the raw green grams to a cooking pot and boil in 8 cups of water for 51 minutes.;Drain and discard the excess water.;Peel, wash and chop the onion and tomatoes.;",454,4.2,9.3,6.3,4.0,4,1.6,0.57,,"<stewing>: Add oil to a cooking pot and heat for 2 minutes.;Add the onions.;Add the onions.;Cook onions for 3 minutes and then add the tomatoes.;Cook for another 3 minutes and then add the
boiled green grams.;Add 2 3/4 cups of water. Add salt and mix.;Cover the vessel and cook for 14 minutes.;Remove from heat and serve."
Beef Stew,"meats, fish & eggs","Beef stew is the most common animal protein based stew in Kenya. It is prepared in different ways with
the standard ingredients featured in this recipe. It is usually eaten with starchy dishes such as Ugali, rice,
potatoes, chapatti or mashed dishes. It is more common in urban areas than in rural areas. Often, it is
served for lunch or dinner and is relished by the entire family.",10,25,4,"1 kg beef, medium fat, without bone, raw;2 onions, red skinned, raw, unpeeled (164 g);3 tomatoes, red, ripe (304 g);� tsp. (3 g) salt, iodized;1� tbsp. (20 g) cooking oil;3 1/8 cups (682 g) water","Peel, wash and chop the onions and the tomatoes into separate bowls.;Cut beef into small pieces and wash.;Boil the meat in all the water until tender. Turn off the heat, strain the remaining water and place the meat in a separate bowl.;Heat cooking oil in a cooking pot for 1 minute.;Add onions and cook until soft.;Add tomatoes and salt and cook until soft;Add the boiled meat and stir.;Add the liquid drained from boiling the meat, stir and cover to cook for 8 minutes.;Turn off the heat.;Serve.",756,10.4,3.8,17.7,0.8,14,11.2,3.48,,
Stir Fried Goat Meat,"meats, fish & eggs","In most cases goat meat is stir fried rather than stewed. It is common in many communities across the
country. It is eaten with starchy dishes including rice, Ugali among others.",7,100,4,"1 kg meat, goat, medium fat, raw;1 onion, red skinned, raw, unpeeled (106 g);3 tomatoes, red, ripe, chopped (336 g);1/8 cup (27 g) cooking oil;1 � tsp. (7 g) salt, iodized;2 � cups (494 g) water","Cut the goat meat into small pieces.;Add the meat, all the water and salt into a cooking pot. Bring the mixture to a boil.;Meanwhile, prepare and cut the onions and tomatoes into separate bowls.;Add the onions and continue boiling.;When all the water has dried, add oil and stir.;Add tomatoes and stir.;Simmer until ready.;Serve while hot",1597,23.3,10.4,32.1,1.7,42,4.1,5.74,,
Stir Fried Beef,"meats, fish & eggs","Stir fried beef is common across many communities in Kenya even though it is more popular among urban
dwellers than rural dwellers. It is eaten with starchy foods such as Ugali, rice, potatoes or bananas. Often,
it is enjoyed by the entire family and served during lunch or dinner.",10,60,4,"1 kg beef, raw, medium fat;3 cups (646 g) water;2 onions, red skinned, raw, unpeeled (176 g);3 tomatoes, red, ripe (295 g);3 tbsp. (36 g) cooking oil;1 � tsp. (7 g) salt, iodized","Cut the beef into small pieces.;Peel, wash and chop the onions and tomatoes into separate bowls.;Put the meat into a cooking pot, add 3 cups of water and boil for 1 hour.;Strain the remaining liquid and keep separately.;Heat oil in a cooking pot, add onions and cook until golden brown.;Add tomatoes and cook until tender.;Add salt and meat then stir and cook for 7-10 minutes.;Add half of the strained water then stir and cover to cook for 30 minutes.;Add the rest of the strained water and cook until all the water dries.;Turn off the heat.;Serve hot.",1066,14.1,5.0,26.7,1.0,19,16.4,5.13,,
Ingokho  (Stewed Chicken),poultry,"Stewed chicken is common among many communities in Kenya. It has different names but ingokho stands
out due to the way this dish is special to the Luhya community. It is eaten as a protein to a main meal and
served with Ugali or any other starch. It is savoured by the entire family.",15,75,4,"1.4 kg chicken, whole;2 red skinned onions, raw, unpeeled, (219g);� green capsicum (187 g);2 tsp. (11 g) salt, iodized;4 tomatoes, red, ripe (504 g)","Light a charcoal stove. Put a mesh over the fire to singe any thin feathers and lightly brown the skin of the chicken.;After 12 minutes, cut the chicken into large chunks and continue roasting for another 5 minutes or until ready. Remove from the fire.;Cut the chicken into smaller portions and return the pieces onto the fire for another 11 minutes.;Put the chicken onto a heated pan. Cook the chicken without added oil/ fat to brown further. Keep turning for the chicken to cook evenly.;Add salt to the chicken and keep turning.;Add the whole green capsicum into the pan with chicken. Turn the stove to low heat and let it simmer for 9 minutes.;Prepare the onions and tomatoes. Chop into small pieces in separate bowls.;Add the onions, cover and continue cooking for another 25 minutes.;Remove the whole green capsicum from the pot and immediately add tomatoes.;Continue cooking for another 13 minutes.;Remove from the fire.;Serve",883,12.3,6.4,18.3,1.1,63,2.7,1.01,,
Ingokho  (Fried Chicken),poultry," Ingokho  as it is commonly known among the Luhya community is such a special delicacy. Traditionally, it
was eaten during special occasions such as dowry ceremonies. In modern practice, fried chicken is eaten
as part of a main meal served during lunch or supper. It is relished by the entire family and can be eaten
with Ugali, chapatti, or any other starch.  ",10,60,4,"1.3 kg whole chicken;2 tsp. (10 g) salt, iodized;3 1/8 cups (623 g) cooking oil",Cut the chicken into large chunks.;Wash the meat.;Place a pan on fire and add oil.;Add salt to the chicken and rub in.;Heat oil for 6 minutes.;Gently place the chicken pieces into the pan and turn every 3 minutes until the skin is golden brown.;Serve hot.,2218,35.3,9.1,44.6,0.0,134,5.6,2.13,,
Aluru (Stewed Quails),poultry,"Stewed quails commonly known as  Aluru  is a traditional dish typical to the Luhya and Luo communities.
Aluru was prepared during special occasions. It is commonly known as Likhanga among the Luhya community.  ",12,60,4,"3 quails, whole (507 g);2 tomatoes, red, ripe (196 g);1 onion, red skinned, raw, unpeeled (76 g);2 tsp. (10 g) salt, iodized;2 cups (517 g) cow s milk;3 � cups (679 g) cooking oil",Roast the quails for 10 minutes and remove the innards.;Add 3 cups of cooking oil onto a clean dry pot and heat.Put in the quails and fry for 11 minutes.Remove and use paper towels to drain the oil.Wash and chop the onion and tomatoes and place into separate bowls.Add � a cup of cooking oil into a separate cooking pot and the chopped onions.Cook until golden brown then add the tomatoes.Cook it for 3 minutes or until the tomatoes are tender.Add salt and stir. Cook for 5 minutes.Add milk followed by the fried quails.Cover and cook for 12 minutes.Remove from heat and serve.,809,14.2,5.2,11.3,0.6,51,1.6,1.24,,
Sukuma Wiki (Stir-fried Kales),vegetable dishes,"Sukuma wiki is the most commonly used green vegetable in Kenya. It is commonly served with Ugali as a
side dish.",15,20,4,"sukuma wiki leaves raw (2667 g);2 tomatoes, red, ripe (345 g);1 onion, red skinned, raw, unpeeled (184 g);� cup (45 g) cooking oil;� tsp. (3 g) salt, iodized","Wash the sukuma wiki and then remove the stalks.;Roll up a handful of sukuma wiki leaves into a bunch and chop them finely.;Wash, prepare and cut the onion and tomatoes separately.;Place a cooking pot on the fire. Add cooking oil.;Cook the onion until golden brown.;Add tomatoes into the pot.;Cook tomatoes until ready.;Add the chopped sukuma wiki and salt.;Stir until evenly mixed.;Simmer over low heat for 5 minutes.;Serve hot.",225,3.2,2.1,2.5,3.8,112,2.3,0.42,,
Stir-fried Cabbage,vegetable dishes,Stir fried cabbage is common in many communities in Kenya. It is served with various starchy dishes as a side dish.,10,15,4,"1124 g cabbage, white, raw;� onion, red skinned, raw, unpeeled (139g);� cup (83 g) cooking oil;2 � tsp. (12 g) salt, iodized",Prepare and cut the onions and the cabbage into separate bowls.;Add the cooking oil into a cooking pot over fire and then put the chopped onions. Stir the onion and cook for 2 minutes.;Add the cabbage and stir.;Add salt and continue to stir the cabbage to cook it evenly.;Cook for an additional 5 minutes.;Remove and serve.,411,8.6,3.1,1.2,2.4,0,0.6,0.24,,
Mrenda and Seveve  (Jute Mallow & Pumpkin Leaves),vegetable dishes,"This blend of  mrenda  and pumpkin leaves is a traditional vegetable dish among the Luhya community.
It is usually served with Ugali.",15,30,4,"316 g jute mallow leaves, raw;74 g pumpkin leaves, raw;1 onion, red skinned, raw, unpeeled (75 g);� tsp. (3 g) salt, iodized;2/3 cup (134 g) water;1 tomato, red, ripe (145 g);1 � cups (410 g) cow s milk","Wash and pluck the leaves from the stalks of the jute mallow.;Wash and chop the pumpkin leaves.;Prepare, wash and cut the onion and tomato into separate bowls.;Boil all the water and put the leafy vegetables into the boiling water and cook on low heat for 5 minutes.;Stir the vegetables; add salt, onion and tomato.;Cook for 5 minutes and then add all the milk.;Stir and cook for another 5 minutes.;Serve.",249,2.3,5.4,3.4,2.0,72,1.8,0.62,,
Stewed Potatoes & Arrowroots,root & banana dishes,"Stewed arrowroots is a nostalgic dish traditional to the arrowroot growing regions. The Kikuyu, Meru and
Embu communities are key to this recipe. It is eaten as a main meal during lunch or supper and is relished
by the entire family.",15,60,4,"9 potatoes, unpeeled, Irish, white (1 kg);3 arrowroots, unpeeled, raw (1.7 kg);6 green bananas, unpeeled, raw (1.2 kg);1 onion, red skinned, raw, unpeeled (185 g);3 tomatoes, red, ripe (511 g);1/3 cup (69 g) cooking oil;3 tsp. (15 g) salt, iodized;7 cups (1534 g) water","Peel and wash the potatoes, arrowroots, onions and tomatoes.;Cut the washed ingredients into cubes in separate bowls.;Peel and wash the bananas and keep them in a separate bowl with water (this water is not for cooking but to prevent bananas from browning).;Heat the cooking oil in a cooking vessel for 2 minutes and add onions, cook for 12 minutes until golden brown.;Add tomatoes and cook for 8 minutes.;Add the salt and stir.;Add the chopped potatoes and stir.;Add 4 cups of water and cook for another 4 minutes.;Add cut arrowroots and cover to cook for 17 minutes.;Add the bananas and 3 cups of water then stir and let to it cook for 13 minutes. Serve.",380,2.1,15.0,1.9,1.8,3,0.9,0.44,,
Yam Stew,root & banana dishes,"The ancient yam is among the oldest roots in Kenya. It is a traditional delicacy of the Meru community.
To date, yams are eaten as a stew as indicated in this recipe. It can also be prepared with meat or other
protein. Loved for its filling effect, yam stew is packed with good wholesome starch ideal for the health
conscious. It can be eaten during lunch or dinner as a main dish served to the whole family.",20,60,4,"1 yam, white, raw (2 kg);6 potatoes, unpeeled, Irish, white (908 g);1 onion, red skinned, raw, unpeeled (175 g);2 tomatoes, red, ripe (209 g);2 carrots, orange, raw (245 g);1 � tbsp. (22 g) salt, iodized;1/3 cup (76 g) cooking oil;4 3/4 cups (1036 g) water","Peel, wash and cut the yam into small pieces.;Peel and wash the potatoes in water.;Cut the potatoes into small cubes.;Peel, wash and cut the tomatoes, carrots and the onions.;Heat the oil for 1 minute then add the onions.;Add tomatoes after 3 minutes.;Add salt after 5 minutes. After 6 minutes add the cut yam and stir.;After 8 minutes add all the water and cover the pot.;After 6 minutes add potatoes, stir and cover.;Add carrots after 8 minutes.;Heat for 20 minutes and remove from the fire.;Serve hot.",394,2.4,15.3,1.5,2.5,34,0.7,0.21,,
Pumpkins with Peanut Butter,root & banana dishes,"This sweet, buttery recipe is an infant dish served typically for lunch or dinner by the urban communities.",5,45,4,"1.5 kg pumpkin raw unpeeled;7 tbsp. (109 g) peanut butter;7 tbsp. (109 g) peanut butter;4 tsp. (16 g) cooking oil;2 1/8 cups (466 g) water;1 � tsp. (7 g) salt, iodized","Peel and wash the pumpkin.;In a separate bowl mix the peanut butter with 1/8 cup of water.;Put the pumpkin into a cooking pot and add the rest of the water.;Bring to boil, add salt and cooking oil.;When the pumpkin has cooked, add the peanut paste.;Cover and simmer for 9 minutes.;Serve.",359,5.4,2.6,2.6,2.6,91,0.6,0.36,,
White Chapati,accompaniments,"This dish is common in many communities in Kenya and even more popular in the urban communities.
The white chapatti is made from refined wheat flour and is eaten with a meat, legume or vegetable stew.
Chapatti is often made during special occasions. It is served as an accompaniment during lunch or dinner
and at times eaten with tea for breakfast.  ",30,30,6,"4 1/3 cups (576 g) wheat flour, refined, fortified;1 ½ cups (318 g) water;1 tsp. (5 g) white sugar;½ tsp. (2 g) salt, iodized;¾ cup (168 g) cooking oil","Measure flour, salt, sugar, cooking oil and water into separate bowls.;Mix the dry ingredients; flour, sugar and salt.;Warm all the water and add into the dry ingredients mixture.;Knead the mixture to soft dough for 6 minutes.;Set the dough aside and cover for 16 minutes before use.;Place the cast iron pan over the fire and heat.;Dust the working surface lightly with flour and start rolling the dough to desired thickness.;Apply ¼ cup oil on top, cut into strips and roll strips into balls of desired size.;Cover with cling film or a clean kitchen towel and let the dough rest.;Cooking oil is added into the mixture either in water, in dry ingredients or when kneading. You can also use oil to cover the dough to prevent it from drying/ crusting. Oil can also be applied on top.;Start rolling each ball on a lightly floured work surface into a disc shape.;Cook each chapati on the pan one at a time until lightly browned on both sides.;Lightly oil each side and turn before removing it from the heat. Repeat for all the chapati’s.;Stack up the cooked chapati as you remove them from the pan. Keep covered.",1774,21.1,49.6,7.8,2.5,59,3.9,0.61,,
Brown Chapati,accompaniments,"Brown chapatti is another variant of chapatti and is common among many communities in Kenya. It is
preferred for the health-conscious people due to the high fibre content as it is made of whole wheat flour.
It is served as an accompaniment during lunch, dinner or breakfast.",30,30,7,"3 2/3 cups (414 g) wheat flour, whole, atta;1 cup (198 g) water;1 tsp. (5 g) sugar, white;½ tsp.  (2 g) salt, iodized;2/3 cup (134 g) cooking oil","Measure flour, salt, sugar, cooking oil and water into separate bowls.;Heat all water for 4 minutes. The water should be warm not boiling.;Mix the ingredients; flour, sugar and salt into a mixing bowl.;Pour all the warm water into the dry mixture.;Knead the mixture to soft dough.;Set the dough into a bowl and cover for 15 minutes before use.;Put the pan over fire and heat.;Dust the working surface with flour and start rolling the dough to desired thickness.;Cut the rolled into strips and roll the strips into round balls.;Cover with cling film, damp cloth or any suitable material to prevent the dough from drying and/ or forming a crust.;Roll out the balls one at a time into a disc shape.;Cook each the chapati on the pan, turning to cook on both sides. Lightly, oil each side and fry until browned.;Each chapati cooks for 3 minutes until golden brown.;Remove from fire and stack them up. Keep covered.",1723,22.9,40.9,7.3,7.2,1,2.4,1.5,,
Roti (Indian Chapati),accompaniments,"Roti is the Indian version of chapatti. It is common among the Kenyan Indian community. Usually, Roti is
part of an assortment of dishes that make up a platter for a main meal. It is eaten as an accompaniment.",180,21,4,"1 3/4 cups (227 g) wheat flour, whole;½ tsp. (3 g) salt, iodized;3/4 cup (163 g) water;2 tbsp. (26 g) cooking oil;2 ½ tbsp. (34 g) cow ghee","Put wheat flour into a bowl, add salt and ghee.;Add ¾ cup of water while kneading.;Knead the mixture into soft dough.;Cover and leave to rest for 3 hours.;Heat a pan for 2 minutes. Put a drop of cooking oil.;Roll the dough into circular discs of desired sizes and place them on the pan.;Fry for 3 minutes until they turn brown or while turning continuously.;Add a little oil if necessary.;Remove and repeat the process for all the pieces.",1560,16.7,43.8,8,7.9,44,2.7,1.64,,
Whole Maize Flour Ugali,ugali,"This recipe represents the most consumed Ugali in all communities in Kenya. It is eaten as a main dish
during lunch or supper usually accompanied by a vegetable or protein dish.",5,25,4,"3 2/3 cups (495 g) whole maize flour, white;4 3/4 cups (1026 g) water","Measure water and flour into separate bowls.;Put all the water into a cooking pot, cover and bring to a boil.;Add flour into the boiling water and keep mixing while pressing against the wall of the cooking pot until the mixture is smooth without lumps.;Once properly mixed, reduce the fire and simmer for 13 minutes.;Serve as desired.",596,1.8,26,3.3,3.8,0,1.1,0.77,,
Maize and Finger Millet Flour Ugali,ugali,"This variant of Ugali is prepared from a combination of finger millet and whole maize flour. It is common
among the Kisii, Luhya, Kamba, Kalenjin and Luo communities. It is served as a main dish accompanied by
a vegetable or meat dish.",5,30,4,"2 cups (253 g) whole maize flour, white;2 cups (262 g) finger millet flour;5 cups (1149 g) water","Mix the dry ingredients together; whole maize meal and finger millet flour, until an even colour is obtained.;Boil all the water in a cooking pot.;Pour ¾ of the mixed flour into the cooking pot and slowly start mixing.;Continue mixing for 2 minutes.;Add the remaining quarter of the flour while mixing. Mix while pressing the mixture against the wall of the pot to avoid forming lumps. Continue mixing until smooth.;Reduce the fire after 2 minutes of cooking and simmer for 17 minutes until ready.;While simmering, keep mixing periodically.;Remove from fire, turn over onto a plate and serve hot.",562,1.3,24,3.1,6.6,0,2.9,0.73,,
"Maize, Red Sorghum and Finger Millet flour Ugali",ugali,"This variant of Ugali is common as a traditional dish among the Kalenjin, the Luhya and Luo communities.
It is served as a main dish often accompanied by a vegetable dish or a meat/fish dish.",5,25,4,"2 cups (255 g) whole maize flour, white;1 cup (132 g) red sorghum flour;1 cup finger millet (113 g) flour;5 cups (1139 g) water","Put all the water into a cooking pot and bring to a boil.;Meanwhile, mix the dry ingredients; whole maize flour, finger millet, red sorghum until an even colour is attained.;Pour the dry mixture all at once into the cooking pot and slowly start mixing everything.;Mix while pressing the mixture against the walls of the pot to avoid forming lumps.;Continue mixing the paste until smooth.;Reduce the fire and simmer for 8 minutes.;Remove from fire, turn over onto a plate and serve hot.",543,1.4,23.3,3.1,5.3,0,1.9,0.72,,
Vimumunya vya Sukari (Sweetened Pumpkin & Coconut Milk),desserts and sauces,This is a famous Swahili dessert that is served after meals. It is eaten by the entire family.,5,45,4,"pumpkin, unpeeled (1.7 kg);1 tsp. (1 g) cardamoms, powder;½ cup (113 g) sugar;1 ½ cups (400 g) coconut milk;3 3/4 cups (810 g) water","Peel pumpkin and cut into large chunks.;Put the pumpkin onto a cooking pot, add all the water and put on heat.;Bring to a boil for 17 minutes.;Add half the amount of coconut milk and boil for 6 minutes.;Add sugar and cardamoms.;Add the rest of the coconut milk. Cover and cook for 18 more minutes.;Remove from heat.",390,3,14.5,1.1,1.8,81,0.3,0.21,,
Siro,,,,,,,,,,,,,,,,,